t_in,t_out,lado,entry,exit,tp,sl,pnl,motivo,z,p_up,p_mc,atr,expansion,bars,eq,year
2023-01-04 13:15:00+00:00,2023-01-04 14:30:00+00:00,1,1859.14,1856.9348571428573,1864.652857142857,1856.9348571428573,-2.505142857142846,SL,2.4266533998614146,0.6958078582171273,0.6415,2.7564285714285495,1,5,-2.505142857142846,2023
2023-01-06 13:30:00+00:00,2023-01-06 14:15:00+00:00,1,1847.33,1844.7785714285712,1853.7085714285713,1844.7785714285712,-2.851428571428687,SL,4.026397344264401,0.9489453725355345,0.47225,3.189285714285737,1,3,-5.356571428571533,2023
2023-02-07 15:45:00+00:00,2023-02-07 16:00:00+00:00,1,1879.43,1876.6362857142858,1886.4142857142858,1876.6362857142858,-3.0937142857142588,SL,2.649105055260935,0.9178122630993047,0.5245,3.492142857142864,1,1,-8.45028571428579,2023
2023-02-09 13:30:00+00:00,2023-02-09 13:45:00+00:00,1,1883.82,1888.652857142857,1888.652857142857,1881.886857142857,4.532857142857165,TP,2.372946595123206,0.9985385016480347,0.49750000000000005,2.416428571428599,1,1,-3.9174285714286254,2023
2023-02-17 15:00:00+00:00,2023-02-17 15:30:00+00:00,1,1833.81,1840.1585714285713,1840.1585714285713,1831.2705714285714,6.048571428571404,TP,3.6074714886925885,0.9981671640158453,0.44599999999999995,3.1742857142857184,1,2,2.1311428571427786,2023
2023-02-21 14:00:00+00:00,2023-02-21 14:30:00+00:00,1,1838.94,1842.9842857142858,1842.9842857142858,1837.3222857142857,3.7442857142857067,TP,2.391654421356388,0.9646070799260776,0.40125,2.0221428571428532,1,2,5.875428571428485,2023
2023-02-21 15:15:00+00:00,2023-02-21 16:00:00+00:00,1,1838.88,1836.345142857143,1845.217142857143,1836.345142857143,-2.834857142857163,SL,2.387628625764409,0.9991813409625375,0.3795,3.1685714285714215,1,3,3.0405714285713223,2023
2023-03-08 14:45:00+00:00,2023-03-08 15:00:00+00:00,1,1820.4,1818.5897142857143,1824.9257142857143,1818.5897142857143,-2.1102857142857827,SL,2.383910477999105,0.9982167815691764,0.3115,2.2628571428571473,1,1,0.9302857142855396,2023
2023-03-09 13:30:00+00:00,2023-03-09 14:00:00+00:00,1,1822.54,1826.072857142857,1826.072857142857,1821.126857142857,3.2328571428569832,TP,3.296624200705372,0.999323809766347,0.5495,1.766428571428524,1,2,4.163142857142523,2023
2023-03-10 13:30:00+00:00,2023-03-10 13:45:00+00:00,1,1843.8,1841.6971428571428,1849.0571428571427,1841.6971428571428,-2.4028571428571466,SL,4.6611334356715,0.8675615848403695,0.6479999999999999,2.6285714285714255,1,1,1.7602857142853763,2023
2023-04-03 14:00:00+00:00,2023-04-04 01:45:00+00:00,1,1983.03,1979.9722857142858,1990.6742857142856,1979.9722857142858,-3.357714285714155,SL,2.7613758422660495,0.9988444832825278,0.48375,3.822142857142824,1,43,-1.5974285714287788,2023
2023-04-04 14:00:00+00:00,2023-04-05 02:45:00+00:00,1,2016.39,2025.187142857143,2025.187142857143,2012.871142857143,8.497142857142943,TP,6.069255069824255,0.9764571857348746,0.635,4.398571428571456,1,47,6.899714285714165,2023
2023-04-19 13:30:00+00:00,2023-04-19 16:45:00+00:00,1,1988.94,1996.0257142857145,1996.0257142857145,1986.1057142857144,6.785714285714403,TP,2.6779702580617726,0.7740183726254267,0.38075000000000003,3.542857142857169,1,13,13.685428571428567,2023
2023-04-20 14:00:00+00:00,2023-04-20 14:15:00+00:00,1,2010.54,2007.3954285714285,2018.4014285714284,2007.3954285714285,-3.444571428571453,SL,2.9131161747531675,0.9990863777500517,0.7282500000000001,3.9307142857142514,1,1,10.240857142857113,2023
2023-05-02 14:00:00+00:00,2023-05-02 14:30:00+00:00,1,1999.34,2005.3428571428572,2005.3428571428572,1996.938857142857,5.702857142857238,TP,5.438773342706712,0.9790457968400306,0.48375,3.001428571428619,1,2,15.94371428571435,2023
2023-05-08 15:15:00+00:00,2023-05-08 17:30:00+00:00,1,2027.02,2024.6725714285715,2032.8885714285714,2024.6725714285715,-2.6474285714285086,SL,2.098336402660461,0.852012924045924,0.65375,2.9342857142857253,1,9,13.29628571428584,2023
2023-05-30 14:00:00+00:00,2023-05-30 16:00:00+00:00,1,1956.01,1962.1128571428571,1962.1128571428571,1953.568857142857,5.802857142857147,TP,2.7157613022003315,0.9932100369636179,0.54925,3.051428571428557,1,8,19.099142857142986,2023
2023-05-31 13:30:00+00:00,2023-05-31 13:45:00+00:00,1,1967.43,1972.2885714285715,1972.2885714285715,1965.4865714285716,4.558571428571395,TP,2.9952774688707433,0.9984756487401701,0.53925,2.429285714285665,1,1,23.65771428571438,2023
2023-05-31 14:15:00+00:00,2023-05-31 14:30:00+00:00,1,1966.12,1973.2271428571426,1973.2271428571426,1963.2771428571427,6.807142857142662,TP,2.1071133705862892,0.9990835187384313,0.529,3.55357142857138,1,1,30.464857142857042,2023
2023-06-07 13:30:00+00:00,2023-06-07 13:45:00+00:00,1,1962.04,1966.2085714285713,1966.2085714285713,1960.3725714285713,3.8685714285713404,TP,2.406423930542109,0.9741939038025742,0.45775,2.0842857142857025,1,1,34.333428571428385,2023
2023-06-08 13:30:00+00:00,2023-06-08 17:30:00+00:00,1,1965.32,1962.7342857142855,1971.7842857142857,1962.7342857142855,-2.8857142857144025,SL,2.1024812578467533,0.9993097588541654,0.49325,3.232142857142873,1,16,31.44771428571398,2023
2023-06-15 13:45:00+00:00,2023-06-16 01:45:00+00:00,1,1952.81,1961.2585714285715,1961.2585714285715,1949.4305714285713,8.14857142857154,TP,2.5280316133830523,0.9946179870703857,0.4875,4.224285714285721,1,44,39.59628571428552,2023
2023-06-30 14:00:00+00:00,2023-06-30 14:30:00+00:00,1,1916.73,1914.1517142857142,1923.1757142857143,1914.1517142857142,-2.878285714285812,SL,2.0974138998292053,0.9989499715812846,0.505,3.222857142857135,1,2,36.71799999999971,2023
2023-07-05 13:15:00+00:00,2023-07-05 13:30:00+00:00,1,1932.32,1930.646857142857,1936.5028571428572,1930.646857142857,-1.9731428571429206,SL,2.038104711540617,0.9720683389067829,0.49124999999999996,2.091428571428602,1,1,34.744857142856794,2023
2023-07-11 13:45:00+00:00,2023-07-11 14:45:00+00:00,1,1933.51,1931.5385714285715,1938.4385714285713,1931.5385714285715,-2.2714285714285323,SL,2.371643314701877,0.7270843018458718,0.5585,2.4642857142856656,1,4,32.473428571428265,2023
2023-08-04 13:00:00+00:00,2023-08-04 13:15:00+00:00,1,1943.72,1941.372,1949.5900000000001,1941.372,-2.647999999999956,SL,2.2169009258909522,0.9126218916788386,0.53,2.9350000000000103,1,1,29.825428571428308,2023
2023-08-10 13:30:00+00:00,2023-08-10 13:45:00+00:00,1,1924.61,1922.4094285714284,1930.1114285714284,1922.4094285714284,-2.500571428571493,SL,2.779473790797785,0.9989709145235174,0.44,2.750714285714285,1,1,27.324857142856814,2023
2023-09-08 13:45:00+00:00,2023-09-08 14:15:00+00:00,1,1928.7,1926.9542857142858,1933.0642857142857,1926.9542857142858,-2.045714285714257,SL,3.730867580676773,0.8990031376475901,0.539,2.1821428571428214,1,2,25.279142857142556,2023
2023-09-20 13:30:00+00:00,2023-09-20 14:45:00+00:00,1,1940.68,1944.1542857142856,1944.1542857142856,1939.2902857142858,3.174285714285543,TP,5.351072879381447,0.9993382320158383,0.5295,1.73714285714282,1,5,28.4534285714281,2023
2023-09-29 13:00:00+00:00,2023-09-29 13:15:00+00:00,1,1878.73,1877.0574285714285,1882.9114285714286,1877.0574285714285,-1.972571428571473,SL,2.674586458601637,0.9993545077152229,0.49975,2.0907142857142844,1,1,26.480857142856625,2023
2023-10-11 13:45:00+00:00,2023-10-11 14:00:00+00:00,1,1872.21,1870.2568571428571,1877.0928571428572,1870.2568571428571,-2.253142857142893,SL,2.440764271887958,0.7510338435975384,0.6425,2.4414285714285273,1,1,24.22771428571373,2023
2023-10-18 13:30:00+00:00,2023-10-18 13:45:00+00:00,1,1959.03,1956.7397142857142,1964.7557142857142,1956.7397142857142,-2.590285714285801,SL,3.726603457517408,0.9993625305471537,0.7065,2.8628571428571212,1,1,21.63742857142793,2023
2023-11-01 14:00:00+00:00,2023-11-01 14:45:00+00:00,1,1989.44,1987.4262857142858,1994.4742857142858,1987.4262857142858,-2.313714285714286,SL,2.0634234573738737,0.9993895037269502,0.382,2.5171428571428414,1,3,19.323714285713642,2023
2023-11-08 13:00:00+00:00,2023-11-08 13:15:00+00:00,1,1966.32,1964.7971428571427,1970.1271428571429,1964.7971428571427,-1.8228571428572196,SL,2.1954984232436554,0.9856538466020335,0.48575,1.9035714285714351,1,1,17.50085714285642,2023
2023-12-14 14:30:00+00:00,2023-12-14 14:45:00+00:00,1,2047.78,2044.7525714285714,2055.3485714285716,2044.7525714285714,-3.3274285714285723,SL,3.0745023568306067,0.9983981170748687,0.70875,3.784285714285748,1,1,14.173428571427849,2023
2023-12-19 14:30:00+00:00,2023-12-19 14:45:00+00:00,1,2037.25,2042.0057142857142,2042.0057142857142,2035.3477142857143,4.455714285714248,TP,2.7996564093191956,0.999295239549896,0.58175,2.377857142857124,1,1,18.629142857142096,2023
2023-12-21 13:30:00+00:00,2023-12-21 13:45:00+00:00,1,2043.26,2041.1577142857143,2048.5157142857142,2041.1577142857143,-2.402285714285699,SL,2.9831666880036054,0.8908977565703046,0.55125,2.6278571428571564,1,1,16.226857142856396,2023
2024-01-22 14:45:00+00:00,2024-01-22 18:15:00+00:00,1,2022.72,2020.156,2029.1299999999999,2020.156,-2.864000000000078,SL,2.2750486390962164,0.9989793096408739,0.359,3.204999999999976,1,14,-2.864000000000078,2024
2024-01-30 14:00:00+00:00,2024-01-30 14:15:00+00:00,1,2042.86,2047.452857142857,2047.452857142857,2041.022857142857,4.292857142857156,TP,2.7366138654906185,0.996570628467822,0.5700000000000001,2.2964285714286103,1,1,1.428857142857078,2024
2024-01-31 14:30:00+00:00,2024-01-31 14:45:00+00:00,1,2049.81,2054.522857142857,2054.522857142857,2047.924857142857,4.412857142857047,TP,2.6331306466383295,0.9975404995166016,0.56825,2.356428571428572,1,1,5.841714285714125,2024
2024-02-01 16:00:00+00:00,2024-02-01 17:30:00+00:00,1,2059.94,2056.24,2069.19,2056.24,-4.000000000000273,SL,2.5390951160763873,0.9912489447358734,0.55075,4.625000000000081,1,6,1.8417142857138522,2024
2024-02-05 14:45:00+00:00,2024-02-05 15:00:00+00:00,1,2023.67,2021.5168571428571,2029.0528571428572,2021.5168571428571,-2.4531428571429386,SL,3.3359651554212015,0.9936221291156615,0.303,2.691428571428592,1,1,-0.6114285714290864,2024
2024-03-01 15:00:00+00:00,2024-03-01 15:15:00+00:00,1,2055.71,2061.7014285714286,2061.7014285714286,2053.3134285714286,5.691428571428514,TP,4.299550558152929,0.9959827434614735,0.621,2.9957142857142247,1,1,5.079999999999428,2024
2024-03-05 13:15:00+00:00,2024-03-05 13:30:00+00:00,1,2131.75,2129.499142857143,2137.377142857143,2129.499142857143,-2.5508571428570574,SL_amb,2.1321847297208043,0.9994093570705973,0.76125,2.8135714285714846,1,1,2.5291428571423706,2024
2024-03-06 13:45:00+00:00,2024-03-06 14:00:00+00:00,1,2139.44,2137.1525714285717,2145.1585714285716,2137.1525714285717,-2.587428571428336,SL,2.1334772941371742,0.986175165363379,0.5842499999999999,2.859285714285664,1,1,-0.058285714285965184,2024
2024-04-03 14:30:00+00:00,2024-04-03 16:30:00+00:00,1,2283.81,2293.542857142857,2293.542857142857,2279.916857142857,9.432857142857028,TP,2.4476600051053543,0.9984983088625493,0.5922499999999999,4.866428571428579,1,8,9.374571428571063,2024
2024-04-05 14:30:00+00:00,2024-04-05 14:45:00+00:00,1,2322.34,2316.5308571428573,2336.862857142857,2316.5308571428573,-6.109142857142888,SL,2.3327380707627117,0.9992154383946095,0.6062500000000001,7.261428571428496,1,1,3.265428571428175,2024
2024-04-12 14:00:00+00:00,2024-04-12 14:45:00+00:00,1,2414.18,2425.371428571428,2425.371428571428,2409.7034285714285,10.891428571428332,TP,2.641951378614956,0.9990974542611796,0.8082499999999999,5.595714285714264,1,3,14.156857142856506,2024
2024-04-15 14:30:00+00:00,2024-04-15 15:00:00+00:00,1,2349.39,2343.042,2365.2599999999998,2343.042,-6.647999999999956,SL,2.397596933209545,0.8319444615357228,0.37124999999999997,7.934999999999945,1,2,7.50885714285655,2024
2024-05-01 13:15:00+00:00,2024-05-01 14:00:00+00:00,1,2301.12,2307.46,2307.46,2298.584,6.040000000000146,TP,2.063208008462756,0.9992154878360672,0.40075,3.1700000000000728,1,3,13.548857142856695,2024
2024-05-14 13:45:00+00:00,2024-05-14 14:00:00+00:00,1,2353.95,2350.5145714285713,2362.5385714285712,2350.5145714285713,-3.735428571428474,SL,2.6123549675260365,0.9990556589055365,0.498,4.2942857142857065,1,1,9.813428571428222,2024
2024-05-17 13:00:00+00:00,2024-05-17 13:15:00+00:00,1,2402.89,2400.3202857142855,2409.3142857142857,2400.3202857142855,-2.869714285714326,SL,4.036933090449058,0.9990311212092232,0.606,3.2121428571428754,1,1,6.943714285713896,2024
2024-06-03 14:00:00+00:00,2024-06-03 15:00:00+00:00,1,2339.48,2336.438857142857,2347.0828571428574,2336.438857142857,-3.3411428571428585,SL,2.0905833995925707,0.9992874868330205,0.45275,3.80142857142859,1,4,3.6025714285710375,2024
2024-06-05 14:15:00+00:00,2024-06-05 15:30:00+00:00,1,2345.91,2355.54,2355.54,2342.058,9.330000000000108,TP,2.9711419325506254,0.9983450611365933,0.53475,4.815000000000022,1,5,12.932571428571146,2024
2024-06-20 13:30:00+00:00,2024-06-20 14:00:00+00:00,1,2345.19,2352.921428571429,2352.921428571429,2342.0974285714287,7.431428571428751,TP,2.8898970546116516,0.8082793070972414,0.5385,3.865714285714278,1,2,20.363999999999898,2024
2024-07-01 13:30:00+00:00,2024-07-01 13:45:00+00:00,1,2332.64,2330.045714285714,2339.1257142857144,2330.045714285714,-2.894285714285888,SL,2.4539181995525277,0.9990729106943084,0.44675,3.2428571428571495,1,1,17.46971428571401,2024
2024-07-02 13:30:00+00:00,2024-07-02 14:00:00+00:00,1,2333.37,2330.8031428571426,2339.7871428571425,2330.8031428571426,-2.8668571428573157,SL,2.226918587891877,0.8005388476767671,0.42900000000000005,3.2085714285713687,1,2,14.602857142856692,2024
2024-08-12 13:30:00+00:00,2024-08-12 13:45:00+00:00,1,2452.06,2457.4885714285715,2457.4885714285715,2449.8885714285716,5.128571428571559,TP,3.0542152897514785,0.9991397821154776,0.6485,2.714285714285682,1,1,19.73142857142825,2024
2024-08-12 15:00:00+00:00,2024-08-12 15:30:00+00:00,1,2459.0,2455.7182857142857,2467.2042857142856,2455.7182857142857,-3.581714285714315,SL,2.0577229196994677,0.9992832172394576,0.6695000000000001,4.102142857142813,1,2,16.149714285713934,2024
2024-08-13 13:30:00+00:00,2024-08-13 14:00:00+00:00,1,2473.68,2470.333142857143,2482.0471428571427,2470.333142857143,-3.646857142857061,SL,2.423717956007439,0.998452154501657,0.665,4.18357142857144,1,2,12.502857142856872,2024
2024-09-04 14:00:00+00:00,2024-09-05 05:45:00+00:00,1,2491.57,2500.997142857143,2500.997142857143,2487.799142857143,9.127142857142825,TP,2.517661131809929,0.9991096213982069,0.4435,4.713571428571446,1,59,21.629999999999697,2024
2024-09-12 13:00:00+00:00,2024-09-12 13:15:00+00:00,1,2538.12,2534.1079999999997,2548.15,2534.1079999999997,-4.312000000000171,SL,2.3179660799652515,0.9993492460082489,0.551,5.015000000000035,1,1,17.317999999999525,2024
2024-09-24 16:00:00+00:00,2024-09-24 19:15:00+00:00,1,2649.9,2660.4457142857145,2660.4457142857145,2645.6817142857144,10.245714285714438,TP,2.8077489329335945,0.9992450248418688,0.54275,5.272857142857122,1,13,27.563714285713964,2024
2024-10-01 13:30:00+00:00,2024-10-01 13:45:00+00:00,1,2662.34,2670.414285714286,2670.414285714286,2659.110285714286,7.774285714285907,TP,2.275459858898729,0.99934738118952,0.5835,4.037142857142856,1,1,35.33799999999987,2024
2024-10-02 13:15:00+00:00,2024-10-02 13:30:00+00:00,1,2657.9,2654.801142857143,2665.647142857143,2654.801142857143,-3.398857142857014,SL,2.254324939717224,0.9891462369214801,0.51625,3.87357142857143,1,1,31.93914285714286,2024
2024-10-15 14:00:00+00:00,2024-10-15 14:45:00+00:00,1,2654.64,2663.6671428571426,2663.6671428571426,2651.0291428571427,8.727142857142734,TP,2.5467835884891277,0.9584093893660014,0.4525,4.5135714285714,1,3,40.66628571428559,2024
2024-10-18 13:30:00+00:00,2024-10-18 18:45:00+00:00,1,2712.55,2720.4,2720.4,2709.4100000000003,7.549999999999909,TP,2.3100959530759018,0.6183466487641261,0.66775,3.924999999999987,1,21,48.216285714285505,2024
2024-10-25 14:00:00+00:00,2024-10-25 16:15:00+00:00,1,2737.7,2734.198857142857,2746.452857142857,2734.198857142857,-3.801142857142895,SL,3.160264481214917,0.9992231145407255,0.451,4.376428571428472,1,9,44.41514285714261,2024
2024-11-01 13:00:00+00:00,2024-11-01 13:15:00+00:00,1,2761.06,2757.986857142857,2768.7428571428572,2757.986857142857,-3.3731428571430113,SL,2.589958430194965,0.9987500024653247,0.383,3.8414285714286183,1,1,41.041999999999604,2024
2024-11-20 14:30:00+00:00,2024-11-20 14:45:00+00:00,1,2645.62,2642.058857142857,2654.522857142857,2642.058857142857,-3.8611428571428403,SL,2.0773108283508845,0.9992437886031198,0.497,4.451428571428648,1,1,37.180857142856766,2024
2024-12-04 13:15:00+00:00,2024-12-04 13:30:00+00:00,1,2645.3,2642.223428571429,2652.9914285714285,2642.223428571429,-3.376571428571242,SL,4.014347781601495,0.9925975752032505,0.47,3.8457142857142634,1,1,33.80428571428553,2024
2024-12-11 13:30:00+00:00,2024-12-11 14:30:00+00:00,1,2700.22,2697.2045714285714,2707.758571428571,2697.2045714285714,-3.3154285714284013,SL,3.1593421614207218,0.9990858114878598,0.59925,3.769285714285648,1,4,30.488857142857125,2024
2025-01-10 13:45:00+00:00,2025-01-10 14:15:00+00:00,1,2682.56,2690.6385714285716,2690.6385714285716,2679.328571428571,7.77857142857165,TP,3.5168383150470333,0.9567592741223557,0.5377500000000001,4.039285714285727,1,2,7.77857142857165,2025
2025-01-15 13:30:00+00:00,2025-01-15 13:45:00+00:00,1,2686.81,2693.145714285714,2693.145714285714,2684.2757142857145,6.035714285713948,TP,2.067312914175244,0.9797308634348224,0.619,3.167857142857071,1,1,13.814285714285598,2025
2025-01-20 14:00:00+00:00,2025-01-20 15:00:00+00:00,1,2710.48,2707.4462857142858,2718.0642857142857,2707.4462857142858,-3.333714285714268,SL,2.1148019196775896,0.9739678958282115,0.481,3.7921428571429323,1,4,10.48057142857133,2025
2025-01-21 14:45:00+00:00,2025-01-21 15:30:00+00:00,1,2738.03,2735.265428571429,2744.941428571429,2735.265428571429,-3.0645714285713437,SL,2.0163414577038883,0.9992949354918798,0.6845,3.455714285714326,1,3,7.415999999999987,2025
2025-02-19 13:00:00+00:00,2025-02-19 13:45:00+00:00,1,2940.11,2937.032857142857,2947.802857142857,2937.032857142857,-3.3771428571429167,SL,2.4240634251905893,0.9378773476451083,0.6585,3.846428571428565,1,3,4.03885714285707,2025
2025-03-03 15:15:00+00:00,2025-03-03 15:30:00+00:00,1,2889.2,2885.328,2898.8799999999997,2885.328,-4.171999999999843,SL,2.1936797674806625,0.9988812648302307,0.5954999999999999,4.840000000000016,1,1,-0.13314285714277307,2025
2025-03-05 14:30:00+00:00,2025-03-05 15:00:00+00:00,1,2914.77,2909.666,2927.5299999999997,2909.666,-5.403999999999814,SL,2.471964561419047,0.7712427430104946,0.40775,6.3799999999999795,1,2,-5.537142857142587,2025
2025-04-09 13:30:00+00:00,2025-04-09 16:45:00+00:00,1,3072.87,3094.49,3094.49,3064.2219999999998,21.31999999999989,TP,2.006027861631675,0.996971988774723,0.609,10.810000000000011,1,13,15.782857142857303,2025
2025-04-10 14:00:00+00:00,2025-04-10 15:15:00+00:00,1,3142.79,3163.1914285714283,3163.1914285714283,3134.6294285714284,20.101428571428368,TP,3.1287290234911556,0.9818553588219535,0.636,10.20071428571425,1,5,35.88428571428567,2025
2025-04-16 13:45:00+00:00,2025-04-16 15:45:00+00:00,1,3311.62,3327.9442857142853,3327.9442857142853,3305.0902857142855,16.02428571428545,TP,2.9525219592458902,0.9026346678603753,0.73975,8.162142857142758,1,8,51.90857142857112,2025
2025-04-28 14:30:00+00:00,2025-04-28 15:30:00+00:00,1,3329.99,3323.3614285714284,3346.561428571428,3323.3614285714284,-6.928571428571376,SL,2.852267810075757,0.9994354321408364,0.54875,8.285714285714253,1,4,44.97999999999975,2025
2025-04-30 13:30:00+00:00,2025-04-30 13:45:00+00:00,1,3318.55,3310.7037142857143,3338.1657142857143,3310.7037142857143,-8.146285714285842,SL,2.387059640970229,0.9992621869026371,0.485,9.807857142857172,1,1,36.83371428571391,2025
2025-05-15 14:00:00+00:00,2025-05-15 15:45:00+00:00,1,3203.25,3218.0157142857142,3218.0157142857142,3197.343714285714,14.465714285714238,TP,2.5456757898855074,0.998684567011858,0.44925000000000004,7.382857142857184,1,7,51.29942857142815,2025
2025-05-20 13:45:00+00:00,2025-05-20 14:00:00+00:00,1,3261.23,3274.74,3274.74,3255.826,13.209999999999763,TP,4.340197712395937,0.9987106973785042,0.5245,6.754999999999947,1,1,64.50942857142792,2025
2025-06-02 13:30:00+00:00,2025-06-02 16:00:00+00:00,1,3366.65,3379.2385714285715,3379.2385714285715,3361.6145714285717,12.288571428571412,TP,2.252766095203415,0.99795902278211,0.7025,6.294285714285674,1,10,76.79799999999933,2025
2025-06-10 13:15:00+00:00,2025-06-10 14:00:00+00:00,1,3345.86,3341.6805714285715,3356.3085714285717,3341.6805714285715,-4.479428571428616,SL,2.1672719562540492,0.990257755898048,0.5805,5.2242857142856725,1,3,72.31857142857072,2025
2025-06-12 13:30:00+00:00,2025-06-12 13:45:00+00:00,1,3398.41,3391.831142857143,3414.8571428571427,3391.831142857143,-6.878857142857032,SL,2.464808868384158,0.9990519105658427,0.622,8.223571428571436,1,1,65.43971428571369,2025
2025-08-20 13:30:00+00:00,2025-08-20 13:45:00+00:00,1,3346.61,3343.6477142857143,3354.0157142857142,3343.6477142857143,-3.2622857142858264,SL,2.3880167421131397,0.9991799386746113,0.50525,3.7028571428570882,1,1,62.17742857142787,2025
2025-08-22 14:00:00+00:00,2025-08-22 14:30:00+00:00,1,3358.96,3369.675714285714,3369.675714285714,3354.673714285714,10.415714285714056,TP,6.2479702232461465,0.9111300996382778,0.5525,5.357857142857126,1,2,72.59314285714193,2025
2025-08-28 13:15:00+00:00,2025-08-28 14:30:00+00:00,1,3404.67,3413.37,3413.37,3401.19,8.399999999999817,TP,2.3073764052231462,0.9991873962424188,0.66225,4.350000000000007,1,5,80.99314285714175,2025
2025-09-02 14:00:00+00:00,2025-09-02 14:45:00+00:00,1,3498.0,3513.55,3513.55,3491.78,15.250000000000181,TP,2.233372596602597,0.9963960874670774,0.57175,7.774999999999993,1,3,96.24314285714193,2025
2025-09-15 13:30:00+00:00,2025-09-15 13:45:00+00:00,1,3662.95,3659.098571428571,3672.578571428571,3659.098571428571,-4.151428571428641,SL,2.822448790948432,0.9991318604549592,0.5367500000000001,4.814285714285688,1,1,92.0917142857133,2025
2025-09-15 15:45:00+00:00,2025-09-15 16:45:00+00:00,1,3680.56,3675.6834285714285,3692.7514285714287,3675.6834285714285,-5.176571428571424,SL,3.149362743420278,0.9993427413074378,0.5965,6.095714285714329,1,4,86.91514285714187,2025
2025-10-06 13:30:00+00:00,2025-10-06 15:45:00+00:00,1,3944.84,3960.0,3960.0,3938.7760000000003,14.859999999999854,TP,2.3856356327833677,0.9988373175747645,0.707,7.579999999999992,1,9,101.77514285714173,2025
2025-10-16 14:00:00+00:00,2025-10-16 14:15:00+00:00,1,4265.31,4257.092857142858,4285.852857142858,4257.092857142858,-8.51714285714279,SL,2.644922771103042,0.9981005461561779,0.664,10.271428571428519,1,1,93.25799999999894,2025
2025-10-24 14:00:00+00:00,2025-10-24 14:15:00+00:00,1,4132.4,4120.409714285714,4162.375714285714,4120.409714285714,-12.290285714286075,SL,2.6798042096910324,0.9750028375278859,0.49975,14.987857142857267,1,1,80.96771428571287,2025
2025-11-12 15:00:00+00:00,2025-11-12 15:30:00+00:00,1,4161.95,4179.9857142857145,4179.9857142857145,4154.735714285714,17.735714285714675,TP,4.391235046267983,0.9981971467140086,0.51625,9.017857142857272,1,2,98.70342857142755,2025
2025-11-19 14:45:00+00:00,2025-11-19 15:15:00+00:00,1,4127.94,4120.254285714285,4147.154285714286,4120.254285714285,-7.9857142857143115,SL,2.1900390836135526,0.9988905629362275,0.671,9.607142857142922,1,2,90.71771428571324,2025
2025-11-21 16:45:00+00:00,2025-11-21 17:00:00+00:00,1,4099.99,4090.972857142857,4122.532857142856,4090.972857142857,-9.317142857142972,SL,3.2035496681996802,0.9993903466806595,0.47850000000000004,11.271428571428487,1,1,81.40057142857027,2025
2025-12-01 14:45:00+00:00,2025-12-01 15:00:00+00:00,1,4240.08,4231.585714285714,4261.315714285714,4231.585714285714,-8.79428571428598,SL,2.3181296491246135,0.8649704477265197,0.6505000000000001,10.617857142857117,1,1,72.6062857142843,2025
2025-12-09 14:30:00+00:00,2025-12-09 15:00:00+00:00,1,4205.87,4201.016285714286,4218.004285714285,4201.016285714286,-5.153714285713977,SL,3.1602126003720477,0.9926926509551707,0.4535,6.067142857142828,1,2,67.45257142857032,2025
2026-01-06 14:30:00+00:00,2026-01-06 15:30:00+00:00,1,4479.56,4473.066285714286,4495.794285714286,4473.066285714286,-6.793714285714304,SL,2.224103018086414,0.9989581809505739,0.6395,8.11714285714288,1,4,-6.793714285714304,2026
2026-01-20 13:30:00+00:00,2026-01-20 14:00:00+00:00,1,4729.71,4742.122857142857,4742.122857142857,4724.744857142857,12.112857142857319,TP,3.070124875430817,0.9198545759431084,0.6799999999999999,6.206428571428595,1,2,5.319142857143015,2026
2026-01-20 14:15:00+00:00,2026-01-20 14:30:00+00:00,1,4750.39,4744.250571428572,4765.738571428572,4744.250571428572,-6.439428571428652,SL,2.1538125525127088,0.996439720472036,0.7235,7.674285714285686,1,1,-1.1202857142856377,2026
2026-02-17 14:00:00+00:00,2026-02-17 14:30:00+00:00,1,4896.27,4882.268285714286,4931.274285714286,4882.268285714286,-14.301714285714116,SL,2.2342387079554795,0.9910571775552595,0.30374999999999996,17.50214285714284,1,2,-15.421999999999754,2026
2026-03-10 13:15:00+00:00,2026-03-10 13:30:00+00:00,1,5221.53,5211.139714285714,5247.505714285714,5211.139714285714,-10.69028571428571,SL,2.1883254023806344,0.6281608974412461,0.68025,12.987857142857267,1,1,-26.112285714285463,2026
2026-03-27 14:45:00+00:00,2026-03-27 15:15:00+00:00,1,4509.88,4548.311428571429,4548.311428571429,4494.507428571429,38.131428571429026,TP,2.8469285191660183,0.9949731501327588,0.54425,19.21571428571438,1,2,12.019142857143564,2026
2026-04-07 14:15:00+00:00,2026-04-07 15:00:00+00:00,1,4645.4,4629.865714285714,4684.235714285714,4629.865714285714,-15.834285714285944,SL,2.1889476540348385,0.7135532868944213,0.39949999999999997,19.41785714285717,1,3,-3.81514285714238,2026
2026-04-16 15:00:00+00:00,2026-04-16 16:30:00+00:00,1,4806.79,4796.012285714286,4833.734285714286,4796.012285714286,-11.077714285713956,SL,2.1674556434062278,0.994452952864485,0.38425,13.472142857142769,1,6,-14.892857142856336,2026
2026-05-01 13:30:00+00:00,2026-05-01 13:45:00+00:00,1,4607.97,4599.3877142857145,4629.425714285715,4599.3877142857145,-8.882285714285718,SL,2.286018767601533,0.6159879963539354,0.4005,10.727857142857179,1,1,-23.775142857142054,2026
2026-05-01 14:00:00+00:00,2026-05-01 14:15:00+00:00,1,4656.18,4644.776000000001,4684.6900000000005,4644.776000000001,-11.703999999999542,SL,2.775443792952091,0.9964983588172699,0.5095,14.25499999999998,1,1,-35.479142857141596,2026
2026-06-17 14:15:00+00:00,2026-06-17 14:30:00+00:00,1,4360.31,4354.199714285714,4375.585714285715,4354.199714285714,-6.410285714285965,SL,3.2353638417976835,0.9993333314241424,0.49550000000000005,7.637857142857099,1,1,-41.88942857142756,2026
2026-07-01 13:15:00+00:00,2026-07-01 13:30:00+00:00,1,4046.88,4069.6414285714286,4069.6414285714286,4037.7754285714286,22.461428571428495,TP,3.2512246381517373,0.999198107944031,0.48975,11.38071428571428,1,1,-19.427999999999063,2026
2026-07-17 13:30:00+00:00,2026-07-17 15:00:00+00:00,1,3985.02,4006.4057142857146,4006.4057142857146,3976.465714285714,21.085714285714584,TP,2.3644542035434086,0.956166865390811,0.36075,10.692857142857195,1,6,1.657714285715521,2026
2026-07-21 14:00:00+00:00,2026-07-21 15:30:00+00:00,1,4065.89,4082.905714285714,4082.905714285714,4059.083714285714,16.71571428571424,TP,2.319950437192983,0.637540958284926,0.63325,8.507857142857185,1,6,18.37342857142976,2026
2026-07-22 13:00:00+00:00,2026-07-22 13:30:00+00:00,1,4125.77,4141.281428571429,4141.281428571429,4119.565428571429,15.21142857142895,TP,2.3812541780248577,0.9888631036478583,0.63225,7.755714285714346,1,2,33.58485714285871,2026
2026-07-24 13:45:00+00:00,2026-07-24 14:00:00+00:00,1,4067.53,4061.4677142857145,4082.6857142857148,4061.4677142857145,-6.362285714285735,SL,2.5253099480631844,0.9680922487963408,0.4435,7.5778571428571855,1,1,27.222571428572973,2026
2026-08-05 14:00:00+00:00,2026-08-05 15:00:00+00:00,1,4229.67,4257.645714285714,4257.645714285714,4218.479714285714,27.675714285714275,TP,2.2204850312637245,0.999360714854604,0.777,13.987857142857072,1,4,54.89828571428725,2026
2026-09-02 13:30:00+00:00,2026-09-02 13:45:00+00:00,1,4378.18,4369.052000000001,4401.0,4369.052000000001,-9.427999999999702,SL,2.555966814892668,0.9279683427069851,0.472,11.40999999999992,1,1,45.47028571428754,2026
2026-09-09 13:15:00+00:00,2026-09-09 13:30:00+00:00,1,4429.58,4422.521714285715,4447.225714285714,4422.521714285715,-7.358285714285375,SL,2.560158552447892,0.9993478238610383,0.52875,8.82285714285724,1,1,38.11200000000217,2026
